{"mdsDat": {"Freq": [36.96148681640625, 26.961591720581055, 19.653846740722656, 2.34615421295166, 2.34615421295166, 2.34615421295166, 2.34615421295166, 2.34615421295166, 2.34615421295166, 2.34615421295166], "cluster": [1, 1, 1, 1, 1, 1, 1, 1, 1, 1], "topics": [1, 2, 3, 4, 5, 6, 7, 8, 9, 10], "x": [-0.17188142498034373, -0.1300116534349154, 0.23490074497374863, 0.00957259555249922, 0.009568881896684972, 0.009569446612116275, 0.00957042651382777, 0.009572251515389008, 0.009569410948249306, 0.0095693204027438], "y": [-0.10169349967339511, 0.11683870390731817, -0.00951440993129405, -0.0008041834512985728, -0.0008063650032000529, -0.0008041892036623887, -0.0008058819906620852, -0.0008028748215266777, -0.0008044002209103703, -0.0008028996113688871]}, "tinfo": {"Category": ["Default", "Default", "Default", "Default", "Default", "Default", "Default", "Default", "Default", "Topic1", "Topic1", "Topic1", "Topic1", "Topic1", "Topic1", "Topic1", "Topic1", "Topic1", "Topic2", "Topic2", "Topic2", "Topic2", "Topic2", "Topic2", "Topic2", "Topic2", "Topic2", "Topic3", "Topic3", "Topic3", "Topic3", "Topic3", "Topic3", "Topic3", "Topic3", "Topic3", "Topic4", "Topic4", "Topic4", "Topic4", "Topic4", "Topic4", "Topic4", "Topic4", "Topic4", "Topic5", "Topic5", "Topic5", "Topic5", "Topic5", "Topic5", "Topic5", "Topic5", "Topic5", "Topic6", "Topic6", "Topic6", "Topic6", "Topic6", "Topic6", "Topic6", "Topic6", "Topic6", "Topic7", "Topic7", "Topic7", "Topic7", "Topic7", "Topic7", "Topic7", "Topic7", "Topic7", "Topic8", "Topic8", "Topic8", "Topic8", "Topic8", "Topic8", "Topic8", "Topic8", "Topic8", "Topic9", "Topic9", "Topic9", "Topic9", "Topic9", "Topic9", "Topic9", "Topic9", "Topic9", "Topic10", "Topic10", "Topic10", "Topic10", "Topic10", "Topic10", "Topic10", "Topic10", "Topic10"], "Freq": [1.0, 2.0, 1.0, 1.0, 1.0, 1.0, 1.0, 1.0, 1.0, 1.462377667427063, 0.7659971117973328, 1.4623831510543823, 0.7659931778907776, 0.06964962929487228, 0.06964964419603348, 0.06964867562055588, 0.06964759528636932, 0.06964689493179321, 0.7868196964263916, 0.7868174314498901, 0.7868191599845886, 0.7868457436561584, 0.07153937965631485, 0.0715392529964447, 0.07153879106044769, 0.07154002040624619, 0.07154757529497147, 0.7206207513809204, 0.7206161618232727, 0.7206110954284668, 0.06552237272262573, 0.06552056968212128, 0.06551903486251831, 0.06552797555923462, 0.06552886217832565, 0.06553333252668381, 0.03388892486691475, 0.033888038247823715, 0.03388800844550133, 0.03388857841491699, 0.033887241035699844, 0.03388689458370209, 0.0338909737765789, 0.03389088809490204, 0.0338904969394207, 0.03388802334666252, 0.033887483179569244, 0.033887241035699844, 0.033888623118400574, 0.03388660028576851, 0.03388595953583717, 0.03389080986380577, 0.03389161080121994, 0.033893730491399765, 0.03388821333646774, 0.033887505531311035, 0.03388730064034462, 0.033888570964336395, 0.03388689085841179, 0.03388642147183418, 0.03388983756303787, 0.03389206901192665, 0.03389327600598335, 0.03388834372162819, 0.03388813138008118, 0.0338871069252491, 0.03388836979866028, 0.03388694301247597, 0.03388642519712448, 0.03389164060354233, 0.033891040831804276, 0.03389206901192665, 0.033888813108205795, 0.033888451755046844, 0.03388739377260208, 0.033888958394527435, 0.03388749063014984, 0.03388719633221626, 0.03388992324471474, 0.03389039263129234, 0.03389144688844681, 0.03388763219118118, 0.03388744592666626, 0.03388732299208641, 0.03388819098472595, 0.033887624740600586, 0.03388665243983269, 0.03389154002070427, 0.03389223292469978, 0.03389141708612442, 0.033887945115566254, 0.0338875874876976, 0.033887263387441635, 0.03388779237866402, 0.03388682007789612, 0.033886753022670746, 0.03389005735516548, 0.03389377146959305, 0.03389209136366844], "Term": ["year", "graduate", "thing", "think", "bad", "go", "luck", "good", "time", "year", "think", "graduate", "thing", "luck", "good", "time", "bad", "go", "go", "bad", "thing", "graduate", "luck", "time", "good", "think", "year", "time", "good", "luck", "think", "go", "bad", "year", "thing", "graduate", "luck", "good", "time", "think", "bad", "go", "year", "thing", "graduate", "time", "luck", "good", "think", "bad", "go", "year", "thing", "graduate", "luck", "good", "time", "think", "bad", "go", "year", "thing", "graduate", "luck", "good", "time", "think", "go", "bad", "year", "thing", "graduate", "good", "luck", "time", "think", "go", "bad", "year", "thing", "graduate", "luck", "time", "good", "think", "bad", "go", "year", "thing", "graduate", "luck", "good", "time", "think", "go", "bad", "year", "thing", "graduate"], "Total": [1.0, 2.0, 1.0, 1.0, 1.0, 1.0, 1.0, 1.0, 1.0, 1.8366880416870117, 1.1402784585952759, 2.5520071983337402, 1.8555831909179688, 1.0990171432495117, 1.0990192890167236, 1.099021315574646, 1.1591928005218506, 1.1591943502426147, 1.1591943502426147, 1.1591928005218506, 1.8555831909179688, 2.5520071983337402, 1.0990171432495117, 1.099021315574646, 1.0990192890167236, 1.1402784585952759, 1.8366880416870117, 1.099021315574646, 1.0990192890167236, 1.0990171432495117, 1.1402784585952759, 1.1591943502426147, 1.1591928005218506, 1.8366880416870117, 1.8555831909179688, 2.5520071983337402, 1.0990171432495117, 1.0990192890167236, 1.099021315574646, 1.1402784585952759, 1.1591928005218506, 1.1591943502426147, 1.8366880416870117, 1.8555831909179688, 2.5520071983337402, 1.099021315574646, 1.0990171432495117, 1.0990192890167236, 1.1402784585952759, 1.1591928005218506, 1.1591943502426147, 1.8366880416870117, 1.8555831909179688, 2.5520071983337402, 1.0990171432495117, 1.0990192890167236, 1.099021315574646, 1.1402784585952759, 1.1591928005218506, 1.1591943502426147, 1.8366880416870117, 1.8555831909179688, 2.5520071983337402, 1.0990171432495117, 1.0990192890167236, 1.099021315574646, 1.1402784585952759, 1.1591943502426147, 1.1591928005218506, 1.8366880416870117, 1.8555831909179688, 2.5520071983337402, 1.0990192890167236, 1.0990171432495117, 1.099021315574646, 1.1402784585952759, 1.1591943502426147, 1.1591928005218506, 1.8366880416870117, 1.8555831909179688, 2.5520071983337402, 1.0990171432495117, 1.099021315574646, 1.0990192890167236, 1.1402784585952759, 1.1591928005218506, 1.1591943502426147, 1.8366880416870117, 1.8555831909179688, 2.5520071983337402, 1.0990171432495117, 1.0990192890167236, 1.099021315574646, 1.1402784585952759, 1.1591943502426147, 1.1591928005218506, 1.8366880416870117, 1.8555831909179688, 2.5520071983337402],