{"mdsDat": {"Freq": [88.77550772209328, 1.247165808656302, 1.247165808656302, 1.247165808656302, 1.247165808656302, 1.247165808656302, 1.247165808656302, 1.247165808656302, 1.247165808656302, 1.247165808656302], "cluster": [1, 1, 1, 1, 1, 1, 1, 1, 1, 1], "topics": [1, 2, 3, 4, 5, 6, 7, 8, 9, 10], "x": [-0.018024592475812812, 0.002002661301084969, 0.0020030524589079624, 0.0020028587417243826, 0.0020025458178697737, 0.0020023446550282544, 0.002002877368338366, 0.002003013342792853, 0.0020022571125895964, 0.002002981677476665], "y": [0.0, 0.0, 0.0, -0.0, 0.0, 0.0, 0.0, -0.0, 0.0, -0.0]}, "tinfo": {"Category": ["Default", "Default", "Default", "Default", "Default", "Default", "Default", "Default", "Default", "Default", "Topic1", "Topic1", "Topic1", "Topic1", "Topic1", "Topic1", "Topic1", "Topic1", "Topic1", "Topic1", "Topic2", "Topic2", "Topic2", "Topic2", "Topic2", "Topic2", "Topic2", "Topic2", "Topic2", "Topic2", "Topic3", "Topic3", "Topic3", "Topic3", "Topic3", "Topic3", "Topic3", "Topic3", "Topic3", "Topic3", "Topic4", "Topic4", "Topic4", "Topic4", "Topic4", "Topic4", "Topic4", "Topic4", "Topic4", "Topic4", "Topic5", "Topic5", "Topic5", "Topic5", "Topic5", "Topic5", "Topic5", "Topic5", "Topic5", "Topic5", "Topic6", "Topic6", "Topic6", "Topic6", "Topic6", "Topic6", "Topic6", "Topic6", "Topic6", "Topic6", "Topic7", "Topic7", "Topic7", "Topic7", "Topic7", "Topic7", "Topic7", "Topic7", "Topic7", "Topic7", "Topic8", "Topic8", "Topic8", "Topic8", "Topic8", "Topic8", "Topic8", "Topic8", "Topic8", "Topic8", "Topic9", "Topic9", "Topic9", "Topic9", "Topic9", "Topic9", "Topic9", "Topic9", "Topic9", "Topic9", "Topic10", "Topic10", "Topic10", "Topic10", "Topic10", "Topic10", "Topic10", "Topic10", "Topic10", "Topic10"], "Freq": [2.0, 1.0, 1.0, 1.0, 1.0, 1.0, 1.0, 1.0, 1.0, 1.0, 2.5685839753482114, 1.7400148798727102, 1.7399896926546816, 0.911436894790846, 0.9114364317905146, 0.9114291163852783, 0.9114251345824282, 0.911425041982362, 0.9114168931765292, 0.9114126335734802, 0.01746056274411681, 0.017460159466588493, 0.017460139953159703, 0.017460065802130303, 0.01746004498780626, 0.017459894083956956, 0.017459770498907956, 0.017460614779926914, 0.017460569248593072, 0.01746139401618324, 0.01746052892084024, 0.017460482088611146, 0.017460280449846988, 0.017460171174645767, 0.01746005409407303, 0.01745988627858544, 0.017459788711441493, 0.01746036630893366, 0.017460223210455872, 0.017461431742145567, 0.017460517212782967, 0.017460458672496598, 0.01746012304152142, 0.01745996563319585, 0.017460002058262925, 0.01745999945647242, 0.017459825136508567, 0.017460787798995514, 0.017460220608665367, 0.017461301652620304, 0.017460329883866588, 0.017460223210455872, 0.017460134749578693, 0.017460100926302125, 0.017460050191387272, 0.01745977310069846, 0.017459695046983303, 0.017461366697382935, 0.017460418344743767, 0.017461094810275135, 0.01746056404501206, 0.01746017247554102, 0.017460116537045156, 0.017460025474377472, 0.017459864163366146, 0.017459741879212398, 0.017459734073840882, 0.017461356290220914, 0.01746042484922003, 0.017461198881895346, 0.017460283051637493, 0.01746018808628405, 0.017460203697027082, 0.01746011913883566, 0.017460106129883135, 0.017460000757367672, 0.017459818632032303, 0.017461011552978967, 0.017460384521467198, 0.01746108700490362, 0.017460413141162756, 0.017460272644475472, 0.017460273945370725, 0.017460060598549293, 0.017459983845729388, 0.01745987587142342, 0.01745979651681301, 0.01746123010338141, 0.017460515911887714, 0.01746079560436703, 0.017460319476704567, 0.017460342892819114, 0.01745992140275726, 0.017459917500071503, 0.017459948721557567, 0.017460028076167977, 0.017459695046983303, 0.01746130035172505, 0.017460522416363977, 0.0174612001827906, 0.01746034549460962, 0.017460388424152956, 0.01746018288270304, 0.017460121740626167, 0.01746011913883566, 0.01745995522603383, 0.017459700250564314, 0.01746092959657805, 0.017460378016990935, 0.017461076597741598], "Term": ["sisig", "masarap", "ang", "gusto", "habambuhay", "mag", "ay", "maligaya", "ko", "masaya", "sisig", "ang", "masarap", "habambuhay", "gusto", "mag", "ay", "maligaya", "ko", "masaya", "masaya", "ko", "maligaya", "ay", "habambuhay", "mag", "gusto", "masarap", "ang", "sisig", "masaya", "ay", "ko", "mag", "maligaya", "gusto", "habambuhay", "masarap", "ang", "sisig", "masaya", "ko", "maligaya", "ay", "mag", "gusto", "habambuhay", "masarap", "ang", "sisig", "masaya", "ko", "maligaya", "ay", "mag", "gusto", "habambuhay", "masarap", "ang", "sisig", "masaya", "ko", "maligaya", "ay", "mag", "habambuhay", "gusto", "masarap", "ang", "sisig", "ko", "masaya", "ay", "maligaya", "mag", "gusto", "habambuhay", "masarap", "ang", "sisig", "ko", "masaya", "maligaya", "ay", "mag", "habambuhay", "gusto", "masarap", "ang", "sisig", "masaya", "ko", "maligaya", "ay", "mag", "habambuhay", "gusto", "masarap", "ang", "sisig", "masaya", "ko", "ay", "maligaya", "mag", "gusto", "habambuhay", "masarap", "ang", "sisig"], "Total": [2.0, 1.0, 1.0, 1.0, 1.0, 1.0, 1.0, 1.0, 1.0, 1.0, 2.7257345558411337, 1.897158537001098, 1.8971386561348047, 1.0685754133829861, 1.0685750427462177, 1.0685692558929034, 1.0685661391853962, 1.06856604658533, 1.0685596149612304, 1.0685562620821725, 1.0685562620821725, 1.0685596149612304, 1.06856604658533, 1.0685661391853962, 1.0685754133829861, 1.0685692558929034, 1.0685750427462177, 1.8971386561348047, 1.897158537001098, 2.7257345558411337, 1.0685562620821725, 1.0685661391853962, 1.0685596149612304, 1.0685692558929034, 1.06856604658533, 1.0685750427462177, 1.0685754133829861, 1.8971386561348047, 1.897158537001098, 2.7257345558411337, 1.0685562620821725, 1.0685596149612304, 1.06856604658533, 1.0685661391853962, 1.0685692558929034, 1.0685750427462177, 1.0685754133829861, 1.8971386561348047, 1.897158537001098, 2.7257345558411337, 1.0685562620821725, 1.0685596149612304, 1.06856604658533, 1.0685661391853962, 1.0685692558929034, 1.0685750427462177, 1.0685754133829861, 1.8971386561348047, 1.897158537001098, 2.7257345558411337, 1.0685562620821725, 1.0685596149612304, 1.06856604658533, 1.0685661391853962, 1.0685692558929034, 1.0685754133829861, 1.0685750427462177, 1.8971386561348047, 1.897158537001098, 2.7257345558411337, 1.0685596149612304, 1.0685562620821725, 1.0685661391853962, 1.06856604658533, 1.0685692558929034, 1.0685750427462177, 1.0685754133829861, 1.8971386561348047, 1.897158537001098, 2.7257345558411337, 1.0685596149612304, 1.0685562620821725, 1.06856604658533, 1.0685661391853962, 1.0685692558929034, 1.0685754133829861, 1.0685750427462177, 1.8971386561348047, 1.897158537001098, 2.7257345558411337, 1.0685562620821725, 1.0685596149612304, 1.06856604658533, 1.0685661391853962, 1.0685692558929034, 1.0685754133829861, 1.0685750427462177, 1.8971386561348047, 1.897158537001098, 2.7257345558411337, 1.0685562620821725, 1.0685596149612304, 1.0685661391853962, 1.06856604658533, 1.0685692558929034, 1.0685750427462177, 1.0685754133829861, 1.8971386561348047, 1.897158537001098, 2.7257345558411337], "loglift": [10.0, 9.0, 8.0, 7.0, 6.0, 5.0, 4.0, 3.0, 2.0, 1.0, 0.0597, 0.0326, 0.0326, -0.04, -0.04, -0.04, -0.04, -0.04, -0.04, -0.04, 0.2702, 0.2702, 0.2701, 0.2701, 0.2701, 0.2701, 0.2701, -0.3039, -0.3039, -0.6662, 0.2702, 0.2702, 0.2702, 0.2701, 0.2701, 0.2701, 0.2701, -0.3039, -0.3039, -0.6662, 0.2702, 0.2702, 0.2701, 0.2701, 0.2701, 0.2701, 0.2701, -0.3038, -0.3039, -0.6662, 0.2702, 0.2702, 0.2701, 0.2701, 0.2701, 0.2701, 0.2701, -0.3038, -0.3039, -0.6662, 0.2702, 0.2702, 0.2701, 0.2701, 0.2701, 0.2701, 0.2701, -0.3038, -0.3039, -0.6662, 0.2702, 0.2702, 0.2701, 0.2701, 0.2701, 0.2701, 0.2701, -0.3038, -0.3039, -0.6662, 0.2702, 0.2702, 0.2702, 0.2701, 0.2701, 0.2701, 0.2701, -0.3038, -0.3039, -0.6662, 0.2702, 0.2702, 0.2701, 0.2701, 0.2701, 0.2701, 0.2701, -0.3038, -0.3039, -0.6662, 0.2702, 0.2702, 0.2701, 0.2701, 0.2701, 0.2701, 0.2701, -0.3038, -0.3039, -0.6662],